{
  "backprop" : true,
  "backpropType" : "Standard",
  "confs" : [ {
    "iterationCount" : 0,
    "l1ByParam" : {
      "b" : 0.0,
      "W" : 0.0
    },
    "l2ByParam" : {
      "b" : 0.0,
      "W" : 0.0
    },
    "layer" : {
      "dense" : {
        "activationFn" : {
          "ReLU" : {
            "gradientViewArray" : null,
            "parametersViewArray" : null
          }
        },
        "adamMeanDecay" : "NaN",
        "adamVarDecay" : "NaN",
        "biasInit" : 0.0,
        "biasL1" : 0.0,
        "biasL2" : 0.0,
        "biasLearningRate" : 9.999999747378752E-5,
        "dist" : null,
        "dropOut" : 0.0,
        "epsilon" : "NaN",
        "gradientNormalization" : "None",
        "gradientNormalizationThreshold" : 1.0,
        "l1" : 0.0,
        "l2" : 0.0,
        "layerName" : null,
        "learningRate" : 9.999999747378752E-5,
        "learningRateSchedule" : null,
        "momentum" : 0.9,
        "momentumSchedule" : { },
        "nin" : 14,
        "nout" : 64,
        "rho" : "NaN",
        "rmsDecay" : "NaN",
        "updater" : "NESTEROVS",
        "weightInit" : "XAVIER"
      }
    },
    "leakyreluAlpha" : 0.0,
    "learningRateByParam" : {
      "b" : 9.999999747378752E-5,
      "W" : 9.999999747378752E-5
    },
    "learningRatePolicy" : "None",
    "lrPolicyDecayRate" : "NaN",
    "lrPolicyPower" : "NaN",
    "lrPolicySteps" : "NaN",
    "maxNumLineSearchIterations" : 5,
    "miniBatch" : true,
    "minimize" : true,
    "numIterations" : 1,
    "optimizationAlgo" : "STOCHASTIC_GRADIENT_DESCENT",
    "pretrain" : false,
    "seed" : 12345,
    "stepFunction" : null,
    "useDropConnect" : false,
    "useRegularization" : false,
    "variables" : [ "W", "b" ]
  }, {
    "iterationCount" : 0,
    "l1ByParam" : {
      "b" : 0.0,
      "W" : 0.0
    },
    "l2ByParam" : {
      "b" : 0.0,
      "W" : 0.0
    },
    "layer" : {
      "dense" : {
        "activationFn" : {
          "ReLU" : {
            "gradientViewArray" : null,
            "parametersViewArray" : null
          }
        },
        "adamMeanDecay" : "NaN",
        "adamVarDecay" : "NaN",
        "biasInit" : 0.0,
        "biasL1" : 0.0,
        "biasL2" : 0.0,
        "biasLearningRate" : 9.999999747378752E-5,
        "dist" : null,
        "dropOut" : 0.0,
        "epsilon" : "NaN",
        "gradientNormalization" : "None",
        "gradientNormalizationThreshold" : 1.0,
        "l1" : 0.0,
        "l2" : 0.0,
        "layerName" : null,
        "learningRate" : 9.999999747378752E-5,
        "learningRateSchedule" : null,
        "momentum" : 0.9,
        "momentumSchedule" : { },
        "nin" : 64,
        "nout" : 16,
        "rho" : "NaN",
        "rmsDecay" : "NaN",
        "updater" : "NESTEROVS",
        "weightInit" : "XAVIER"
      }
    },
    "leakyreluAlpha" : 0.0,
    "learningRateByParam" : {
      "b" : 9.999999747378752E-5,
      "W" : 9.999999747378752E-5
    },
    "learningRatePolicy" : "None",
    "lrPolicyDecayRate" : "NaN",
    "lrPolicyPower" : "NaN",
    "lrPolicySteps" : "NaN",
    "maxNumLineSearchIterations" : 5,
    "miniBatch" : true,
    "minimize" : true,
    "numIterations" : 1,
    "optimizationAlgo" : "STOCHASTIC_GRADIENT_DESCENT",
    "pretrain" : false,
    "seed" : 12345,
    "stepFunction" : null,
    "useDropConnect" : false,
    "useRegularization" : false,
    "variables" : [ "W", "b" ]
  }, {
    "iterationCount" : 0,
    "l1ByParam" : {
      "b" : 0.0,
      "W" : 0.0
    },
    "l2ByParam" : {
      "b" : 0.0,
      "W" : 0.0
    },
    "layer" : {
      "dense" : {
        "activationFn" : {
          "ReLU" : {
            "gradientViewArray" : null,
            "parametersViewArray" : null
          }
        },
        "adamMeanDecay" : "NaN",
        "adamVarDecay" : "NaN",
        "biasInit" : 0.0,
        "biasL1" : 0.0,
        "biasL2" : 0.0,
        "biasLearningRate" : 9.999999747378752E-5,
        "dist" : null,
        "dropOut" : 0.0,
        "epsilon" : "NaN",
        "gradientNormalization" : "None",
        "gradientNormalizationThreshold" : 1.0,
        "l1" : 0.0,
        "l2" : 0.0,
        "layerName" : null,
        "learningRate" : 9.999999747378752E-5,
        "learningRateSchedule" : null,
        "momentum" : 0.9,
        "momentumSchedule" : { },
        "nin" : 16,
        "nout" : 32,
        "rho" : "NaN",
        "rmsDecay" : "NaN",
        "updater" : "NESTEROVS",
        "weightInit" : "XAVIER"
      }
    },
    "leakyreluAlpha" : 0.0,
    "learningRateByParam" : {
      "b" : 9.999999747378752E-5,
      "W" : 9.999999747378752E-5
    },
    "learningRatePolicy" : "None",
    "lrPolicyDecayRate" : "NaN",
    "lrPolicyPower" : "NaN",
    "lrPolicySteps" : "NaN",
    "maxNumLineSearchIterations" : 5,
    "miniBatch" : true,
    "minimize" : true,
    "numIterations" : 1,
    "optimizationAlgo" : "STOCHASTIC_GRADIENT_DESCENT",
    "pretrain" : false,
    "seed" : 12345,
    "stepFunction" : null,
    "useDropConnect" : false,
    "useRegularization" : false,
    "variables" : [ "W", "b" ]
  }, {
    "iterationCount" : 0,
    "l1ByParam" : {
      "b" : 0.0,
      "W" : 0.0
    },
    "l2ByParam" : {
      "b" : 0.0,
      "W" : 0.0
    },
    "layer" : {
      "output" : {
        "activationFn" : {
          "Identity" : {
            "gradientViewArray" : null,
            "parametersViewArray" : null
          }
        },
        "adamMeanDecay" : "NaN",
        "adamVarDecay" : "NaN",
        "biasInit" : 0.0,
        "biasL1" : 0.0,
        "biasL2" : 0.0,
        "biasLearningRate" : 9.999999747378752E-5,
        "dist" : null,
        "dropOut" : 0.0,
        "epsilon" : "NaN",
        "gradientNormalization" : "None",
        "gradientNormalizationThreshold" : 1.0,
        "l1" : 0.0,
        "l2" : 0.0,
        "layerName" : null,
        "learningRate" : 9.999999747378752E-5,
        "learningRateSchedule" : null,
        "lossFn" : {
          "MSE" : { }
        },
        "lossFunction" : "MSE",
        "momentum" : 0.9,
        "momentumSchedule" : { },
        "nin" : 32,
        "nout" : 12,
        "rho" : "NaN",
        "rmsDecay" : "NaN",
        "updater" : "NESTEROVS",
        "weightInit" : "XAVIER"
      }
    },
    "leakyreluAlpha" : 0.0,
    "learningRateByParam" : {
      "b" : 9.999999747378752E-5,
      "W" : 9.999999747378752E-5
    },
    "learningRatePolicy" : "None",
    "lrPolicyDecayRate" : "NaN",
    "lrPolicyPower" : "NaN",
    "lrPolicySteps" : "NaN",
    "maxNumLineSearchIterations" : 5,
    "miniBatch" : true,
    "minimize" : true,
    "numIterations" : 1,
    "optimizationAlgo" : "STOCHASTIC_GRADIENT_DESCENT",
    "pretrain" : false,
    "seed" : 12345,
    "stepFunction" : null,
    "useDropConnect" : false,
    "useRegularization" : false,
    "variables" : [ "W", "b" ]
  } ],
  "inputPreProcessors" : { },
  "iterationCount" : 1927,
  "pretrain" : false,
  "tbpttBackLength" : 20,
  "tbpttFwdLength" : 20
}